model_name,family,uses_rl,uses_wm,arbitration_type,arbitration_dynamic,pe_gating,confidence_gating,availability_gating,lapse_noise,wm_capacity,wm_interference,wm_forgetting,load_effect,age_effect,age_capacity,age_arbitration,age_forgetting,age_lapse
p0_model,baseline,1,1,fixed,0,0,0,0,1,0,1,1,1,0,0,0,0,0
p0_model,age,1,1,confidence_gated,1,0,1,0,0,1,0,0,1,1,1,1,0,0
p10_model,baseline,1,1,fixed,0,0,0,0,1,0,1,1,1,0,0,0,0,0
p10_model,age,1,1,fixed,0,0,0,0,1,1,0,1,1,1,1,0,1,1
p11_model,baseline,1,1,confidence_gated,1,0,1,0,0,0,0,0,1,0,0,0,0,0
p11_model,age,1,1,fixed,0,0,0,0,0,0,0,1,1,1,0,0,1,0
p12_model,baseline,1,1,fixed,0,0,0,0,0,0,0,1,1,0,0,0,0,0
p12_model,age,1,1,fixed,0,0,0,0,0,1,0,1,1,1,1,0,1,0
p13_model,baseline,1,1,pe_gated,1,1,0,0,1,0,0,0,1,0,0,0,0,0
p13_model,age,1,1,fixed,0,0,0,0,1,0,0,0,1,1,0,0,0,1
p14_model,baseline,1,1,unknown,0,0,0,0,0,0,0,1,1,0,0,0,0,0
p14_model,age,1,1,unknown,0,0,0,0,0,0,0,0,1,1,0,0,0,0
p15_model,baseline,1,1,fixed,0,0,0,0,1,0,0,1,1,0,0,0,0,0
p15_model,age,1,1,unknown,0,0,0,0,1,0,0,1,1,1,0,0,1,1
p16_model,baseline,1,1,fixed,0,0,0,0,0,0,1,1,1,0,0,0,0,0
p16_model,age,1,1,fixed,0,0,0,0,0,0,1,0,1,1,0,0,0,0
p17_model,baseline,1,1,fixed,0,0,0,0,1,0,0,0,1,0,0,0,0,0
p17_model,age,1,1,unknown,0,0,0,0,0,1,0,1,1,1,1,0,1,0
p18_model,baseline,1,1,unknown,0,0,0,0,0,0,0,1,1,0,0,0,0,0
p18_model,age,1,1,pe_gated,1,1,0,0,0,0,0,0,1,1,0,1,0,0
p19_model,baseline,1,1,fixed,0,0,0,0,1,0,1,0,1,0,0,0,0,0
p19_model,age,1,1,unknown,0,0,0,0,1,0,1,1,1,1,0,0,1,1
p1_model,baseline,1,1,unknown,0,0,0,0,1,0,0,1,1,0,0,0,0,0
p1_model,age,1,1,availability,1,0,0,1,1,1,0,1,1,1,1,1,1,1
p20_model,baseline,1,1,pe_gated,1,1,0,0,1,0,0,1,1,0,0,0,0,0
p20_model,age,1,1,fixed,0,0,0,0,0,0,1,1,1,1,0,0,1,0
p21_model,baseline,1,1,confidence_gated,1,0,1,0,0,0,0,1,1,0,0,0,0,0
p21_model,age,1,1,unknown,0,0,0,0,0,0,0,1,1,1,0,0,1,0
p22_model,baseline,1,1,unknown,0,0,0,0,1,0,0,1,1,0,0,0,0,0
p22_model,age,1,1,fixed,0,0,0,0,0,0,0,1,1,1,0,0,1,0
p23_model,baseline,1,1,unknown,0,0,0,0,1,0,1,1,1,0,0,0,0,0
p23_model,age,1,1,unknown,0,0,0,0,0,1,0,1,1,1,1,0,1,0
p24_model,baseline,1,1,confidence_gated,1,0,1,0,0,0,0,0,1,0,0,0,0,0
p24_model,age,1,1,confidence_gated,1,0,1,0,0,0,0,1,1,1,0,1,1,0
p25_model,baseline,1,1,unknown,0,0,0,0,0,0,0,1,1,0,0,0,0,0
p25_model,age,1,1,unknown,0,0,0,0,0,0,1,1,1,1,0,0,1,0
p26_model,baseline,1,1,unknown,0,0,0,0,0,1,0,1,1,0,0,0,0,0
p26_model,age,1,1,unknown,0,0,0,0,0,0,1,1,1,1,0,0,1,0
p27_model,baseline,1,1,unknown,0,0,0,0,0,0,0,0,1,0,0,0,0,0
p27_model,age,1,1,unknown,0,0,0,0,0,0,0,1,1,1,0,0,1,0
p28_model,baseline,1,1,fixed,0,0,0,0,0,0,0,0,1,0,0,0,0,0
p28_model,age,1,1,unknown,0,0,0,0,0,0,0,1,1,1,0,0,1,0
p29_model,baseline,1,1,fixed,0,0,0,0,0,0,1,1,1,0,0,0,0,0
p29_model,age,1,1,unknown,0,0,0,0,0,0,0,1,1,1,0,0,1,0
p2_model,baseline,1,1,fixed,0,0,0,0,1,0,0,0,1,0,0,0,0,0
p2_model,age,1,1,availability,1,0,0,1,0,0,0,1,1,1,0,1,1,0
p30_model,baseline,1,1,fixed,0,0,0,0,0,0,1,1,1,0,0,0,0,0
p30_model,age,1,1,fixed,0,0,0,0,0,0,0,1,1,1,0,0,1,0
p31_model,baseline,1,1,unknown,0,0,0,0,0,0,0,1,1,0,0,0,0,0
p31_model,age,1,1,pe_gated,1,1,0,0,0,0,0,1,1,1,0,1,1,0
p32_model,baseline,1,1,unknown,0,0,0,0,0,0,0,1,1,0,0,0,0,0
p32_model,age,1,1,unknown,0,0,0,0,1,0,0,1,1,1,0,0,1,1
p36_model,baseline,1,1,unknown,0,0,0,0,0,0,0,0,1,0,0,0,0,0
p36_model,age,1,1,unknown,0,0,0,0,0,1,0,1,1,1,1,0,1,0
p37_model,baseline,1,1,fixed,0,0,0,0,0,0,1,0,1,0,0,0,0,0
p37_model,age,1,1,unknown,0,0,0,0,0,0,0,1,1,1,0,0,1,0
p38_model,baseline,1,1,unknown,0,0,0,0,0,0,1,1,1,1,0,0,1,0
p38_model,age,1,1,pe_gated,1,1,0,0,0,0,0,1,1,1,0,1,1,0
p3_model,baseline,1,1,availability,1,0,0,1,1,0,0,1,1,0,0,0,0,0
p3_model,age,1,1,unknown,0,0,0,0,1,1,0,1,1,1,1,0,1,1
p40_model,baseline,1,1,fixed,0,0,0,0,0,1,0,1,1,0,0,0,0,0
p40_model,age,1,1,fixed,0,0,0,0,0,0,0,1,1,1,0,0,1,0
p41_model,baseline,1,1,unknown,0,0,0,0,0,1,0,1,1,0,0,0,0,0
p41_model,age,1,1,pe_gated,1,1,0,0,0,0,0,1,1,1,0,1,1,0
p42_model,baseline,1,1,unknown,0,0,0,0,1,1,0,1,1,0,0,0,0,0
p42_model,age,1,1,fixed,0,0,0,0,1,0,0,1,1,1,0,0,1,1
p43_model,baseline,1,1,unknown,0,0,0,0,0,1,0,1,1,0,0,0,0,0
p43_model,age,1,1,unknown,0,0,0,0,1,1,0,1,1,1,1,0,1,1
p44_model,baseline,1,1,unknown,0,0,0,0,0,0,0,1,1,0,0,0,0,0
p44_model,age,1,1,unknown,0,0,0,0,1,0,0,1,1,1,0,0,1,1
p45_model,baseline,1,1,unknown,0,0,0,0,0,1,0,1,1,0,0,0,0,0
p45_model,age,1,1,unknown,0,0,0,0,0,1,0,1,1,1,1,0,1,0
p46_model,baseline,1,1,unknown,0,0,0,0,0,1,0,1,1,0,0,0,0,0
p46_model,age,1,1,fixed,0,0,0,0,0,0,0,1,1,1,0,0,1,0
p47_model,baseline,1,1,unknown,0,0,0,0,0,0,0,1,1,0,0,0,0,0
p47_model,age,1,1,unknown,0,0,0,0,0,0,0,1,1,1,0,0,1,0
p48_model,baseline,1,1,unknown,0,0,0,0,0,0,0,1,1,0,0,0,0,0
p48_model,age,1,1,fixed,0,0,0,0,0,0,0,1,1,1,0,0,1,0
p49_model,baseline,1,1,unknown,0,0,0,0,0,1,0,1,1,0,0,0,0,0
p49_model,age,1,1,pe_gated,1,1,0,0,0,0,0,1,1,1,0,1,1,0
p4_model,baseline,1,1,fixed,0,0,0,0,0,0,1,1,1,0,0,0,0,0
p4_model,age,1,1,unknown,0,0,0,0,0,0,1,1,1,1,0,0,1,0
p5_model,baseline,1,1,fixed,0,0,0,0,1,0,1,1,1,0,0,0,0,0
p5_model,age,1,1,unknown,0,0,0,0,0,0,0,1,1,1,0,0,1,0
p6_model,baseline,1,1,pe_gated,1,1,0,0,0,0,0,1,1,0,0,0,0,0
p6_model,age,1,1,pe_gated,1,1,0,0,0,0,0,1,1,1,0,1,1,0
p7_model,baseline,1,1,unknown,0,0,0,0,0,0,1,0,1,0,0,0,0,0
p7_model,age,1,1,confidence_gated,1,0,1,0,0,0,0,0,1,1,0,1,0,0
p8_model,baseline,1,1,unknown,0,0,0,0,0,0,1,1,1,0,0,0,0,0
p8_model,age,1,1,fixed,0,0,0,0,0,0,1,1,1,1,0,0,1,0
p9_model,baseline,1,1,fixed,0,0,0,0,0,0,0,1,1,0,0,0,0,0
p9_model,age,1,1,pe_gated,1,1,0,0,0,0,1,1,1,1,0,1,1,0
